-- Identities (stable UUIDs for alice, bob, admin)
INSERT INTO who_identity (id, status, created_at, updated_at)
VALUES
    ('00000000-0000-0000-0000-000000000001', 'ACTIVE', CURRENT_TIMESTAMP, CURRENT_TIMESTAMP),
    ('00000000-0000-0000-0000-000000000002', 'ACTIVE', CURRENT_TIMESTAMP, CURRENT_TIMESTAMP),
    ('00000000-0000-0000-0000-000000000003', 'ACTIVE', CURRENT_TIMESTAMP, CURRENT_TIMESTAMP)
ON CONFLICT DO NOTHING;

-- JWT Credentials (issuer=http://localhost:8080, subject=username)
INSERT INTO who_jwt_credential (id, issuer, subject)
VALUES
    ('00000000-0000-0000-0001-000000000001', 'http://localhost:8080', 'alice'),
    ('00000000-0000-0000-0001-000000000002', 'http://localhost:8080', 'bob'),
    ('00000000-0000-0000-0001-000000000003', 'http://localhost:8080', 'admin')
ON CONFLICT DO NOTHING;

-- Credential → Identity links
INSERT INTO who_credential_identity (credential_id, identity_id)
VALUES
    ('00000000-0000-0000-0001-000000000001', '00000000-0000-0000-0000-000000000001'),
    ('00000000-0000-0000-0001-000000000002', '00000000-0000-0000-0000-000000000002'),
    ('00000000-0000-0000-0001-000000000003', '00000000-0000-0000-0000-000000000003')
ON CONFLICT DO NOTHING;

-- Roles
INSERT INTO who_role (id, name)
VALUES
    ('00000000-0000-0000-0002-000000000001', 'VIEWER'),
    ('00000000-0000-0000-0002-000000000002', 'EDITOR'),
    ('00000000-0000-0000-0002-000000000003', 'ADMIN')
ON CONFLICT DO NOTHING;

-- Role → Permission mappings
INSERT INTO who_role_permission (role_id, permission)
VALUES
    ('00000000-0000-0000-0002-000000000001', 'task.read'),
    ('00000000-0000-0000-0002-000000000002', 'task.read'),
    ('00000000-0000-0000-0002-000000000002', 'task.write'),
    ('00000000-0000-0000-0002-000000000003', 'task.read'),
    ('00000000-0000-0000-0002-000000000003', 'task.write'),
    ('00000000-0000-0000-0002-000000000003', 'task.delete')
ON CONFLICT DO NOTHING;

-- Identity → Role assignments
INSERT INTO who_identity_role (identity_id, role_id)
VALUES
    ('00000000-0000-0000-0000-000000000001', '00000000-0000-0000-0002-000000000001'),
    ('00000000-0000-0000-0000-000000000002', '00000000-0000-0000-0002-000000000002'),
    ('00000000-0000-0000-0000-000000000003', '00000000-0000-0000-0002-000000000003')
ON CONFLICT DO NOTHING;

-- Sample tasks
INSERT INTO task (id, title, status)
VALUES
    ('00000000-0000-0000-0003-000000000001', 'Set up project structure', 'DONE'),
    ('00000000-0000-0000-0003-000000000002', 'Implement authentication', 'IN_PROGRESS'),
    ('00000000-0000-0000-0003-000000000003', 'Write documentation', 'OPEN')
ON CONFLICT DO NOTHING;
